client_id,order_id,order_date,delivery_date,carrier,origin_city,destination_city,status,sku,product_category,quantity,unit_price_usd,order_value_usd,is_promo,promo_discount_pct,region,warehouse
CL-1023,ORD-2026-267300-0001,2025-10-19,2025-10-22,DHL,"London, UK","Leeds, UK",delivered,PAPER-0197,PAPER,2,13.11,26.22,0,0,UK,LON-FC1
CL-1001,ORD-2026-187805-0002,2025-01-22,2025-01-26,LaserShip,"Chicago, IL","Milwaukee, WI",delivered,CRAYON-0008,CRAYON,3,11.69,35.07,0,0,US-C,CHI-DC1
CL-1014,ORD-2026-189805-0003,2025-07-14,2025-07-18,FedEx,"Dallas, TX","San Antonio, TX",delivered,BOOK-0115,BOOK,2,21.28,42.56,0,0,US-C,DFW-DC1
CL-1001,ORD-2026-129841-0004,2025-03-27,2025-03-30,GLS,"Dallas, TX","Austin, TX",delivered,PENCIL-0076,PENCIL,1,8.08,8.08,0,0,US-C,DFW-DC1
CL-1018,ORD-2026-224297-0005,2025-01-13,2025-01-17,Royal Mail,"Amsterdam, NL","Hamburg, DE",delayed,STICKER-0210,STICKER,1,6.71,6.71,0,0,EU,AMS-FC1
CL-1004,ORD-2026-642509-0006,2025-06-15,2025-06-19,DHL,"San Francisco, CA","Boise, ID",delivered,CRAYON-0211,CRAYON,6,10.4,62.4,0,0,US-W,SFO-DC2
CL-1017,ORD-2026-264382-0007,2025-07-20,2025-07-22,LaserShip,"Atlanta, GA","Charlotte, NC",delivered,MARKER-0219,MARKER,1,16.9,16.9,0,0,US-E,ATL-DC1
CL-1005,ORD-2026-846311-0008,2025-03-29,2025-03-31,OnTrac,"San Francisco, CA","Salt Lake City, UT",delivered,PENCIL-0056,PENCIL,1,5.04,5.04,0,0,US-W,SFO-DC2
CL-1007,ORD-2026-699267-0009,2025-01-10,2025-01-14,USPS,"London, UK","Glasgow, UK",delayed,CRAYON-0130,CRAYON,2,8.27,16.54,0,0,UK,LON-FC1
CL-1006,ORD-2026-721990-0010,2025-02-06,2025-02-09,DPD,"Chicago, IL","Indianapolis, IN",delivered,PAPER-0199,PAPER,1,11.42,11.42,0,0,US-C,CHI-DC1
CL-1009,ORD-2026-743363-0011,2025-07-01,2025-07-04,DHL,"London, UK","Edinburgh, UK",delivered,BRUSH-0014,BRUSH,2,11.65,23.3,0,0,UK,LON-FC1
CL-1030,ORD-2026-981522-0012,2025-12-15,2025-12-18,LaserShip,"Berlin, DE","Zurich, CH",delivered,CRAYON-0219,CRAYON,5,9.59,47.95,1,17,EU,BER-FC1
CL-1012,ORD-2026-240527-0013,2025-04-07,2025-04-14,UPS,"Amsterdam, NL","Brussels, BE",delivered,PENCIL-0083,PENCIL,4,8.04,32.16,0,0,EU,AMS-FC1
CL-1012,ORD-2026-633184-0014,2025-11-13,2025-11-14,LaserShip,"Atlanta, GA","Nashville, TN",delivered,PAPER-0103,PAPER,8,12.81,102.48,0,0,US-E,ATL-DC1
CL-1016,ORD-2026-636722-0015,2025-10-14,2025-10-21,UPS,"Chicago, IL","Cleveland, OH",exception,CRAYON-0150,CRAYON,2,9.66,19.32,0,0,US-C,CHI-DC1
CL-1001,ORD-2026-918630-0016,2025-01-01,2025-01-04,UPS,"Los Angeles, CA","San Jose, CA",delivered,STICKER-0001,STICKER,6,3.38,20.28,0,0,US-W,LAX-DC1
CL-1004,ORD-2026-630662-0017,2025-10-21,2025-10-25,DHL,"Newark, NJ","Boston, MA",delivered,PENCIL-0043,PENCIL,4,4.46,17.84,0,0,US-E,EWR-DC1
CL-1020,ORD-2026-404402-0018,2025-07-30,2025-08-04,USPS,"London, UK","Edinburgh, UK",delivered,BRUSH-0112,BRUSH,1,8.83,8.83,0,0,UK,LON-FC1
CL-1006,ORD-2026-686614-0019,2025-07-04,2025-07-08,DPD,"London, UK","Manchester, UK",delivered,BRUSH-0068,BRUSH,2,8.44,16.88,0,0,UK,LON-FC1
CL-1003,ORD-2026-428072-0020,2025-05-03,2025-05-05,Royal Mail,"San Francisco, CA","Salt Lake City, UT",delivered,STICKER-0196,STICKER,6,6.41,38.46,0,0,US-W,SFO-DC2
CL-1021,ORD-2026-467881-0021,2025-02-04,2025-02-05,FedEx,"Los Angeles, CA","Seattle, WA",delivered,CRAYON-0028,CRAYON,6,10.29,61.74,0,0,US-W,LAX-DC1
CL-1002,ORD-2026-658600-0022,2025-03-27,2025-04-03,DHL,"Chicago, IL","Indianapolis, IN",delayed,CRAYON-0044,CRAYON,3,12.57,37.71,0,0,US-C,CHI-DC1
CL-1024,ORD-2026-946295-0023,2025-04-18,2025-04-22,Royal Mail,"Chicago, IL","Detroit, MI",delivered,CRAYON-0008,CRAYON,1,8.69,8.69,0,0,US-C,CHI-DC1
CL-1022,ORD-2026-571946-0024,2025-11-13,,UPS,"Berlin, DE","Munich, DE",in_transit,BOOK-0155,BOOK,1,14.31,14.31,0,0,EU,BER-FC1
CL-1028,ORD-2026-314492-0025,2025-06-28,2025-06-29,OnTrac,"Atlanta, GA","Orlando, FL",delivered,PAPER-0220,PAPER,7,5.17,36.19,0,0,US-E,ATL-DC1
CL-1019,ORD-2026-506275-0026,2025-04-09,2025-04-14,FedEx,"London, UK","Glasgow, UK",delivered,PAINT-0065,PAINT,1,26.72,26.72,0,0,UK,LON-FC1
CL-1004,ORD-2026-617594-0027,2025-01-10,2025-01-15,UPS,"Newark, NJ","Washington, DC",delayed,PAPER-0214,PAPER,8,5.22,41.76,0,0,US-E,EWR-DC1
CL-1005,ORD-2026-789075-0028,2025-02-20,2025-02-26,USPS,"San Francisco, CA","Sacramento, CA",delayed,BRUSH-0188,BRUSH,1,11.1,11.1,0,0,US-W,SFO-DC2
CL-1028,ORD-2026-938750-0029,2025-02-19,2025-02-23,DPD,"San Francisco, CA","Sacramento, CA",delivered,PENCIL-0020,PENCIL,3,2.59,7.77,0,0,US-W,SFO-DC2
CL-1015,ORD-2026-169996-0030,2025-03-05,2025-03-07,DHL,"London, UK","Edinburgh, UK",delivered,CRAYON-0179,CRAYON,4,3.77,15.08,1,29,UK,LON-FC1
CL-1004,ORD-2026-589456-0031,2025-07-03,2025-07-05,UPS,"Newark, NJ","Boston, MA",delayed,PAINT-0138,PAINT,2,17.92,35.84,0,0,US-E,EWR-DC1
CL-1004,ORD-2026-647956-0032,2025-06-16,2025-06-21,FedEx,"Chicago, IL","Cleveland, OH",delivered,PAINT-0018,PAINT,2,27.43,54.86,0,0,US-C,CHI-DC1
CL-1009,ORD-2026-513061-0033,2025-07-25,,DPD,"Chicago, IL","Detroit, MI",in_transit,STICKER-0204,STICKER,1,8.05,8.05,0,0,US-C,CHI-DC1
CL-1014,ORD-2026-751384-0034,2025-04-01,2025-04-02,DPD,"London, UK","Birmingham, UK",delivered,PAPER-0066,PAPER,3,7.39,22.17,0,0,UK,LON-FC1
CL-1002,ORD-2026-134448-0035,2025-09-26,2025-09-29,DHL,"Los Angeles, CA","Seattle, WA",delivered,BOOK-0142,BOOK,1,22.82,22.82,0,0,US-W,LAX-DC1
CL-1015,ORD-2026-638527-0036,2025-12-23,2025-12-28,FedEx,"Dallas, TX","San Antonio, TX",delivered,STICKER-0078,STICKER,5,5.91,29.55,0,0,US-C,DFW-DC1
CL-1020,ORD-2026-557564-0037,2025-04-12,2025-04-14,UPS,"Berlin, DE","Prague, CZ",delivered,CRAYON-0029,CRAYON,1,5.54,5.54,0,0,EU,BER-FC1
CL-1023,ORD-2026-872370-0038,2025-10-02,2025-10-06,FedEx,"Dallas, TX","Kansas City, MO",delivered,CRAYON-0160,CRAYON,2,6.26,12.52,0,0,US-C,DFW-DC1
CL-1005,ORD-2026-816900-0039,2025-07-14,2025-07-18,Royal Mail,"Newark, NJ","Boston, MA",delivered,BRUSH-0181,BRUSH,4,15.01,60.04,0,0,US-E,EWR-DC1
CL-1003,ORD-2026-879345-0040,2025-04-20,2025-04-25,UPS,"Chicago, IL","Cleveland, OH",delivered,BRUSH-0212,BRUSH,3,6.02,18.06,0,0,US-C,CHI-DC1
CL-1005,ORD-2026-695267-0041,2025-02-25,,UPS,"Dallas, TX","Austin, TX",in_transit,BRUSH-0142,BRUSH,4,11.91,47.64,0,0,US-C,DFW-DC1
CL-1003,ORD-2026-528161-0042,2025-05-20,2025-05-26,USPS,"Newark, NJ","Philadelphia, PA",delayed,STICKER-0031,STICKER,1,2.69,2.69,0,0,US-E,EWR-DC1
CL-1003,ORD-2026-162997-0043,2025-09-24,2025-09-29,USPS,"Atlanta, GA","Nashville, TN",delivered,STICKER-0185,STICKER,11,7.51,82.61,0,0,US-E,ATL-DC1
CL-1005,ORD-2026-516393-0044,2025-01-24,2025-01-27,OnTrac,"Dallas, TX","Oklahoma City, OK",delivered,BRUSH-0109,BRUSH,4,15.24,60.96,0,0,US-C,DFW-DC1
CL-1003,ORD-2026-659955-0045,2025-03-06,2025-03-17,OnTrac,"London, UK","Edinburgh, UK",exception,CRAYON-0176,CRAYON,1,9.7,9.7,0,0,UK,LON-FC1
CL-1030,ORD-2026-823172-0046,2025-10-25,2025-10-26,FedEx,"Newark, NJ","Washington, DC",delivered,CRAYON-0082,CRAYON,3,10.08,30.24,0,0,US-E,EWR-DC1
CL-1001,ORD-2026-231736-0047,2025-02-08,2025-02-12,FedEx,"London, UK","Edinburgh, UK",delivered,PAINT-0164,PAINT,1,21.19,21.19,0,0,UK,LON-FC1
CL-1026,ORD-2026-725867-0048,2025-08-22,2025-08-27,FedEx,"Dallas, TX","Austin, TX",delivered,PAINT-0035,PAINT,2,28.05,56.1,0,0,US-C,DFW-DC1
CL-1001,ORD-2026-557236-0049,2025-11-07,2025-11-12,UPS,"Chicago, IL","Milwaukee, WI",delivered,STICKER-0085,STICKER,7,2.92,20.44,1,21,US-C,CHI-DC1
CL-1003,ORD-2026-399641-0050,2025-05-26,2025-06-01,USPS,"Dallas, TX","Austin, TX",delivered,BOOK-0215,BOOK,1,16.67,16.67,0,0,US-C,DFW-DC1
CL-1030,ORD-2026-393647-0051,2025-02-21,2025-02-22,FedEx,"San Francisco, CA","Salt Lake City, UT",delivered,STICKER-0099,STICKER,3,2.92,8.76,0,0,US-W,SFO-DC2
CL-1003,ORD-2026-928451-0052,2025-11-03,2025-11-06,USPS,"Newark, NJ","Boston, MA",delivered,PAINT-0044,PAINT,3,21.86,65.58,0,0,US-E,EWR-DC1
CL-1012,ORD-2026-541359-0053,2025-02-19,2025-02-21,UPS,"Chicago, IL","Cleveland, OH",delivered,PAPER-0053,PAPER,2,15.43,30.86,0,0,US-C,CHI-DC1
CL-1022,ORD-2026-511785-0054,2025-01-14,2025-01-20,UPS,"Newark, NJ","New York, NY",delayed,MARKER-0124,MARKER,2,14.9,29.8,0,0,US-E,EWR-DC1
CL-1004,ORD-2026-935703-0055,2025-11-29,2025-12-02,USPS,"Amsterdam, NL","Frankfurt, DE",delivered,MARKER-0027,MARKER,3,15.76,47.28,0,0,EU,AMS-FC1
CL-1013,ORD-2026-474512-0056,2025-12-29,2025-12-30,UPS,"Berlin, DE","Warsaw, PL",delivered,PAINT-0052,PAINT,2,20.38,40.76,1,6,EU,BER-FC1
CL-1004,ORD-2026-398460-0057,2025-05-17,2025-05-21,LaserShip,"Berlin, DE","Warsaw, PL",delivered,MARKER-0023,MARKER,1,15.85,15.85,0,0,EU,BER-FC1
CL-1024,ORD-2026-357825-0058,2025-01-31,2025-02-03,OnTrac,"Los Angeles, CA","San Diego, CA",delivered,CRAYON-0017,CRAYON,2,4.86,9.72,0,0,US-W,LAX-DC1
CL-1017,ORD-2026-438332-0059,2025-01-14,2025-01-15,UPS,"London, UK","Leeds, UK",delivered,CRAYON-0008,CRAYON,3,7.44,22.32,0,0,UK,LON-FC1
CL-1008,ORD-2026-248343-0060,2025-05-02,2025-05-03,UPS,"London, UK","Leeds, UK",delivered,BRUSH-0129,BRUSH,2,9.95,19.9,0,0,UK,LON-FC1
CL-1010,ORD-2026-923236-0061,2025-12-02,2025-12-03,FedEx,"Newark, NJ","Boston, MA",delivered,PAPER-0041,PAPER,8,17.64,141.12,0,0,US-E,EWR-DC1
CL-1002,ORD-2026-458520-0062,2025-04-03,2025-04-07,OnTrac,"Atlanta, GA","Richmond, VA",delivered,CRAYON-0034,CRAYON,3,4.25,12.75,0,0,US-E,ATL-DC1
CL-1017,ORD-2026-687532-0063,2025-08-28,2025-08-29,OnTrac,"Berlin, DE","Munich, DE",delivered,MARKER-0214,MARKER,2,14.21,28.42,0,0,EU,BER-FC1
CL-1020,ORD-2026-959182-0064,2025-03-04,2025-03-06,DHL,"San Francisco, CA","Denver, CO",delivered,MARKER-0119,MARKER,2,15.53,31.06,0,0,US-W,SFO-DC2
CL-1012,ORD-2026-352721-0065,2025-03-12,2025-03-16,UPS,"Los Angeles, CA","Portland, OR",delivered,CRAYON-0037,CRAYON,2,9.94,19.88,0,0,US-W,LAX-DC1
CL-1019,ORD-2026-498855-0066,2025-01-07,2025-01-09,Royal Mail,"Dallas, TX","Houston, TX",delivered,PAINT-0112,PAINT,1,24.73,24.73,0,0,US-C,DFW-DC1
CL-1007,ORD-2026-409361-0067,2025-11-01,2025-11-04,UPS,"Atlanta, GA","Nashville, TN",delayed,PAINT-0168,PAINT,1,13.39,13.39,0,0,US-E,ATL-DC1
CL-1001,ORD-2026-268795-0068,2025-02-10,2025-02-15,FedEx,"Dallas, TX","St. Louis, MO",delivered,STICKER-0046,STICKER,4,2.91,11.64,0,0,US-C,DFW-DC1
CL-1004,ORD-2026-687809-0069,2025-01-11,2025-01-13,GLS,"Los Angeles, CA","San Diego, CA",delivered,PAPER-0165,PAPER,2,16.17,32.34,0,0,US-W,LAX-DC1
CL-1017,ORD-2026-411918-0070,2025-01-24,2025-01-29,USPS,"Newark, NJ","Baltimore, MD",delivered,CRAYON-0071,CRAYON,10,9.43,94.3,0,0,US-E,EWR-DC1
CL-1029,ORD-2026-269595-0071,2025-01-01,2025-01-07,GLS,"Amsterdam, NL","Brussels, BE",delayed,PAPER-0001,PAPER,6,5.53,33.18,0,0,EU,AMS-FC1
CL-1015,ORD-2026-403533-0072,2025-02-06,2025-02-12,UPS,"London, UK","Edinburgh, UK",delayed,BOOK-0066,BOOK,2,23.66,47.32,0,0,UK,LON-FC1
CL-1011,ORD-2026-830461-0073,2025-11-08,2025-11-10,FedEx,"Atlanta, GA","Orlando, FL",delivered,STICKER-0213,STICKER,3,5.03,15.09,1,24,US-E,ATL-DC1
CL-1001,ORD-2026-176555-0074,2025-05-06,2025-05-08,LaserShip,"San Francisco, CA","Reno, NV",delivered,STICKER-0007,STICKER,15,3.67,55.05,0,0,US-W,SFO-DC2
CL-1019,ORD-2026-988745-0075,2025-08-01,2025-08-06,USPS,"Amsterdam, NL","Paris, FR",delivered,CRAYON-0139,CRAYON,11,11.24,123.64,0,0,EU,AMS-FC1
CL-1018,ORD-2026-807844-0076,2025-01-10,,UPS,"Berlin, DE","Vienna, AT",in_transit,BRUSH-0151,BRUSH,2,5.31,10.62,0,0,EU,BER-FC1
CL-1004,ORD-2026-753468-0077,2025-07-30,2025-08-06,DHL,"San Francisco, CA","Boise, ID",delayed,PAINT-0054,PAINT,6,22.38,134.28,0,0,US-W,SFO-DC2
CL-1004,ORD-2026-162880-0078,2025-03-06,2025-03-07,UPS,"Atlanta, GA","Charlotte, NC",delivered,PAINT-0035,PAINT,2,15.69,31.38,0,0,US-E,ATL-DC1
CL-1024,ORD-2026-225570-0079,2025-07-08,2025-07-12,OnTrac,"Berlin, DE","Munich, DE",delivered,MARKER-0081,MARKER,7,13.56,94.92,0,0,EU,BER-FC1
CL-1021,ORD-2026-814160-0080,2025-06-09,2025-06-14,UPS,"London, UK","Glasgow, UK",delayed,BRUSH-0009,BRUSH,3,11.55,34.65,0,0,UK,LON-FC1
CL-1005,ORD-2026-347871-0081,2025-03-02,2025-03-04,UPS,"Berlin, DE","Vienna, AT",delivered,BOOK-0149,BOOK,3,11.55,34.65,0,0,EU,BER-FC1
CL-1025,ORD-2026-542610-0082,2025-11-03,,DHL,"Dallas, TX","Houston, TX",in_transit,BOOK-0147,BOOK,2,15.8,31.6,0,0,US-C,DFW-DC1
CL-1008,ORD-2026-452855-0083,2025-08-26,2025-08-29,USPS,"Los Angeles, CA","Seattle, WA",delivered,BOOK-0026,BOOK,1,24.87,24.87,0,0,US-W,LAX-DC1
CL-1005,ORD-2026-753499-0084,2025-07-21,2025-07-22,UPS,"Los Angeles, CA","Portland, OR",delivered,MARKER-0045,MARKER,3,7.76,23.28,0,0,US-W,LAX-DC1
CL-1027,ORD-2026-947918-0085,2025-04-10,2025-04-13,USPS,"Berlin, DE","Zurich, CH",delivered,PAINT-0016,PAINT,2,20.47,40.94,0,0,EU,BER-FC1
CL-1004,ORD-2026-841171-0086,2025-08-01,2025-08-07,USPS,"Amsterdam, NL","Hamburg, DE",delivered,STICKER-0022,STICKER,1,3.22,3.22,0,0,EU,AMS-FC1
CL-1004,ORD-2026-724551-0087,2025-05-12,,UPS,"Berlin, DE","Zurich, CH",in_transit,PAINT-0187,PAINT,1,19.31,19.31,0,0,EU,BER-FC1
CL-1004,ORD-2026-448393-0088,2025-05-04,2025-05-08,UPS,"San Francisco, CA","Sacramento, CA",delivered,MARKER-0215,MARKER,1,7.78,7.78,0,0,US-W,SFO-DC2
CL-1004,ORD-2026-688638-0089,2025-12-20,2025-12-22,DHL,"Chicago, IL","Minneapolis, MN",delivered,PAINT-0051,PAINT,2,12.6,25.2,1,8,US-C,CHI-DC1
CL-1005,ORD-2026-431091-0090,2025-02-06,2025-02-08,OnTrac,"San Francisco, CA","Reno, NV",delivered,BRUSH-0040,BRUSH,4,12.57,50.28,0,0,US-W,SFO-DC2
CL-1004,ORD-2026-649371-0091,2025-08-10,2025-08-11,Royal Mail,"London, UK","Edinburgh, UK",delivered,BRUSH-0075,BRUSH,13,10.72,139.36,0,0,UK,LON-FC1
CL-1011,ORD-2026-853204-0092,2025-07-05,2025-07-08,Royal Mail,"San Francisco, CA","Boise, ID",delivered,PAPER-0096,PAPER,1,5.68,5.68,0,0,US-W,SFO-DC2
CL-1004,ORD-2026-384204-0093,2025-01-23,2025-01-24,UPS,"London, UK","Birmingham, UK",delivered,PAPER-0171,PAPER,8,10.41,83.28,1,21,UK,LON-FC1
CL-1002,ORD-2026-462177-0094,2025-09-04,2025-09-07,USPS,"London, UK","Birmingham, UK",delivered,CRAYON-0143,CRAYON,10,8.14,81.4,0,0,UK,LON-FC1
CL-1024,ORD-2026-601715-0095,2025-02-08,2025-02-11,FedEx,"Berlin, DE","Zurich, CH",delivered,BOOK-0070,BOOK,1,24.69,24.69,0,0,EU,BER-FC1
CL-1006,ORD-2026-182650-0096,2025-01-03,,DHL,"San Francisco, CA","Boise, ID",in_transit,CRAYON-0051,CRAYON,1,6.61,6.61,0,0,US-W,SFO-DC2
CL-1004,ORD-2026-526316-0097,2025-03-02,2025-03-06,DHL,"San Francisco, CA","Boise, ID",delivered,BRUSH-0078,BRUSH,1,5.78,5.78,0,0,US-W,SFO-DC2
CL-1004,ORD-2026-599258-0098,2025-03-22,2025-03-23,DHL,"Berlin, DE","Zurich, CH",delivered,STICKER-0140,STICKER,1,4.19,4.19,0,0,EU,BER-FC1
CL-1006,ORD-2026-304986-0099,2025-09-12,2025-09-18,LaserShip,"San Francisco, CA","Boise, ID",delivered,CRAYON-0216,CRAYON,9,5.65,50.85,0,0,US-W,SFO-DC2
CL-1018,ORD-2026-404078-0100,2025-07-22,2025-07-27,USPS,"Atlanta, GA","Richmond, VA",delivered,STICKER-0088,STICKER,3,5.82,17.46,0,0,US-E,ATL-DC1
CL-1028,ORD-2026-755158-0101,2025-10-18,2025-10-20,USPS,"Los Angeles, CA","Phoenix, AZ",delivered,PAINT-0103,PAINT,1,18.14,18.14,0,0,US-W,LAX-DC1
CL-1004,ORD-2026-713787-0102,2025-08-08,2025-08-10,FedEx,"London, UK","Leeds, UK",delivered,CRAYON-0119,CRAYON,1,9.49,9.49,0,0,UK,LON-FC1
CL-1001,ORD-2026-668728-0103,2025-01-21,2025-01-25,UPS,"San Francisco, CA","Sacramento, CA",delivered,MARKER-0160,MARKER,6,10.03,60.18,1,27,US-W,SFO-DC2
CL-1028,ORD-2026-306653-0104,2025-01-06,2025-01-12,GLS,"Atlanta, GA","Charlotte, NC",delivered,PAPER-0132,PAPER,5,8.94,44.7,0,0,US-E,ATL-DC1
CL-1004,ORD-2026-813451-0105,2025-07-03,2025-07-07,UPS,"London, UK","Leeds, UK",delayed,STICKER-0013,STICKER,2,4.67,9.34,0,0,UK,LON-FC1
CL-1001,ORD-2026-380870-0106,2025-10-27,,OnTrac,"Atlanta, GA","Tampa, FL",in_transit,BOOK-0139,BOOK,2,11.21,22.42,0,0,US-E,ATL-DC1
CL-1021,ORD-2026-970515-0107,2025-08-07,2025-08-09,LaserShip,"Los Angeles, CA","Portland, OR",delivered,BRUSH-0098,BRUSH,2,15.94,31.88,0,0,US-W,LAX-DC1
CL-1025,ORD-2026-970575-0108,2025-01-11,2025-01-19,LaserShip,"Atlanta, GA","Charlotte, NC",delayed,MARKER-0182,MARKER,1,18.37,18.37,0,0,US-E,ATL-DC1
CL-1022,ORD-2026-283717-0109,2025-07-23,2025-07-25,UPS,"Amsterdam, NL","Frankfurt, DE",delivered,PENCIL-0144,PENCIL,3,2.93,8.79,0,0,EU,AMS-FC1
CL-1001,ORD-2026-191221-0110,2025-08-13,2025-08-18,FedEx,"London, UK","Leeds, UK",delivered,CRAYON-0149,CRAYON,4,12.06,48.24,0,0,UK,LON-FC1
CL-1016,ORD-2026-196850-0111,2025-10-09,2025-10-14,FedEx,"Chicago, IL","Cleveland, OH",delivered,CRAYON-0017,CRAYON,2,4.13,8.26,0,0,US-C,CHI-DC1
CL-1023,ORD-2026-388479-0112,2025-02-27,2025-03-02,LaserShip,"Dallas, TX","Austin, TX",delivered,MARKER-0217,MARKER,1,8.37,8.37,0,0,US-C,DFW-DC1
CL-1003,ORD-2026-812565-0113,2025-01-13,2025-01-16,DHL,"London, UK","Edinburgh, UK",delivered,CRAYON-0065,CRAYON,4,6.89,27.56,0,0,UK,LON-FC1
CL-1026,ORD-2026-433396-0114,2025-08-12,,USPS,"Dallas, TX","St. Louis, MO",in_transit,MARKER-0220,MARKER,1,22.41,22.41,0,0,US-C,DFW-DC1
CL-1005,ORD-2026-723045-0115,2025-04-24,2025-04-29,LaserShip,"Dallas, TX","Kansas City, MO",delivered,BRUSH-0027,BRUSH,1,11.04,11.04,0,0,US-C,DFW-DC1
CL-1004,ORD-2026-863554-0116,2025-07-21,2025-07-24,UPS,"London, UK","Birmingham, UK",delivered,PENCIL-0039,PENCIL,1,6.34,6.34,0,0,UK,LON-FC1
CL-1005,ORD-2026-584889-0117,2025-02-15,2025-02-19,LaserShip,"Los Angeles, CA","San Diego, CA",delivered,STICKER-0094,STICKER,4,3.24,12.96,0,0,US-W,LAX-DC1
CL-1002,ORD-2026-266668-0118,2025-04-12,2025-04-14,FedEx,"Amsterdam, NL","Brussels, BE",delivered,PAPER-0217,PAPER,6,11.2,67.2,0,0,EU,AMS-FC1
CL-1016,ORD-2026-840509-0119,2025-06-28,2025-07-04,UPS,"Berlin, DE","Munich, DE",delayed,BOOK-0158,BOOK,2,14.88,29.76,0,0,EU,BER-FC1
CL-1019,ORD-2026-156889-0120,2025-03-17,2025-03-21,UPS,"Berlin, DE","Zurich, CH",delivered,BRUSH-0082,BRUSH,2,15.05,30.1,0,0,EU,BER-FC1
CL-1001,ORD-2026-764666-0121,2025-09-05,2025-09-09,UPS,"London, UK","Glasgow, UK",delivered,STICKER-0079,STICKER,1,5.34,5.34,0,0,UK,LON-FC1
CL-1004,ORD-2026-148523-0122,2025-08-07,2025-08-10,UPS,"Chicago, IL","Cleveland, OH",delivered,PAPER-0201,PAPER,1,8.97,8.97,0,0,US-C,CHI-DC1
CL-1002,ORD-2026-683374-0123,2025-01-08,2025-01-11,FedEx,"London, UK","Glasgow, UK",delivered,BRUSH-0029,BRUSH,8,7.96,63.68,0,0,UK,LON-FC1
CL-1010,ORD-2026-836591-0124,2025-08-21,2025-08-24,Royal Mail,"Berlin, DE","Zurich, CH",delivered,BOOK-0117,BOOK,7,22.14,154.98,0,0,EU,BER-FC1
CL-1005,ORD-2026-637515-0125,2025-02-01,2025-02-05,FedEx,"Chicago, IL","Minneapolis, MN",delivered,PENCIL-0038,PENCIL,3,2.55,7.65,0,0,US-C,CHI-DC1
CL-1002,ORD-2026-763827-0126,2025-01-09,2025-01-13,FedEx,"London, UK","Manchester, UK",delivered,PENCIL-0168,PENCIL,4,6.35,25.4,0,0,UK,LON-FC1
CL-1004,ORD-2026-621246-0127,2025-11-17,2025-11-19,FedEx,"London, UK","Glasgow, UK",delivered,PAINT-0079,PAINT,2,14.54,29.08,0,0,UK,LON-FC1
CL-1002,ORD-2026-704710-0128,2025-07-26,2025-08-02,USPS,"Dallas, TX","Oklahoma City, OK",delayed,PAINT-0166,PAINT,2,15.94,31.88,1,26,US-C,DFW-DC1
CL-1003,ORD-2026-952485-0129,2025-05-11,2025-05-12,FedEx,"Atlanta, GA","Richmond, VA",delivered,STICKER-0063,STICKER,8,7.82,62.56,0,0,US-E,ATL-DC1
CL-1008,ORD-2026-539755-0130,2025-12-22,2025-12-23,UPS,"Los Angeles, CA","Phoenix, AZ",delivered,PENCIL-0199,PENCIL,4,2.92,11.68,0,0,US-W,LAX-DC1
CL-1005,ORD-2026-747814-0131,2025-01-01,2025-01-02,FedEx,"Atlanta, GA","Orlando, FL",delivered,MARKER-0169,MARKER,1,7.62,7.62,0,0,US-E,ATL-DC1
CL-1005,ORD-2026-888561-0132,2025-10-05,2025-10-09,USPS,"Los Angeles, CA","San Diego, CA",delayed,BRUSH-0024,BRUSH,4,10.06,40.24,0,0,US-W,LAX-DC1
CL-1010,ORD-2026-890273-0133,2025-01-19,2025-01-22,DHL,"Chicago, IL","Milwaukee, WI",delivered,MARKER-0148,MARKER,1,17.15,17.15,0,0,US-C,CHI-DC1
CL-1012,ORD-2026-395690-0134,2025-10-30,2025-11-03,Royal Mail,"San Francisco, CA","Boise, ID",delivered,BRUSH-0169,BRUSH,1,6.11,6.11,0,0,US-W,SFO-DC2
CL-1002,ORD-2026-855439-0135,2025-09-19,2025-09-23,UPS,"London, UK","Leeds, UK",delivered,PENCIL-0198,PENCIL,3,2.99,8.97,0,0,UK,LON-FC1
CL-1015,ORD-2026-249229-0136,2025-10-25,2025-10-29,UPS,"Dallas, TX","St. Louis, MO",delivered,CRAYON-0006,CRAYON,1,7.14,7.14,1,25,US-C,DFW-DC1
CL-1001,ORD-2026-309222-0137,2025-07-07,2025-07-13,DPD,"Berlin, DE","Zurich, CH",delivered,MARKER-0148,MARKER,2,19.57,39.14,0,0,EU,BER-FC1
CL-1030,ORD-2026-453433-0138,2025-01-20,2025-01-23,UPS,"Amsterdam, NL","Brussels, BE",delivered,CRAYON-0142,CRAYON,1,10.45,10.45,0,0,EU,AMS-FC1
CL-1022,ORD-2026-979794-0139,2025-04-07,2025-04-10,FedEx,"Amsterdam, NL","Hamburg, DE",delivered,PENCIL-0023,PENCIL,2,9.01,18.02,0,0,EU,AMS-FC1
CL-1030,ORD-2026-400821-0140,2025-03-23,2025-03-30,FedEx,"Amsterdam, NL","Hamburg, DE",delayed,PAINT-0066,PAINT,2,21.66,43.32,0,0,EU,AMS-FC1
CL-1004,ORD-2026-396287-0141,2025-12-05,2025-12-12,OnTrac,"Chicago, IL","Minneapolis, MN",delayed,PAINT-0048,PAINT,3,23.36,70.08,0,0,US-C,CHI-DC1
CL-1021,ORD-2026-866724-0142,2025-02-12,2025-02-17,LaserShip,"Atlanta, GA","Orlando, FL",delivered,CRAYON-0137,CRAYON,2,6.51,13.02,0,0,US-E,ATL-DC1
CL-1003,ORD-2026-884137-0143,2025-01-01,2025-01-02,FedEx,"Amsterdam, NL","Paris, FR",delivered,STICKER-0127,STICKER,1,4.31,4.31,0,0,EU,AMS-FC1
CL-1012,ORD-2026-836215-0144,2025-02-22,,USPS,"Chicago, IL","Milwaukee, WI",in_transit,STICKER-0104,STICKER,4,2.93,11.72,0,0,US-C,CHI-DC1
CL-1015,ORD-2026-961307-0145,2025-10-31,2025-11-02,UPS,"Los Angeles, CA","San Jose, CA",delivered,BOOK-0016,BOOK,2,18.31,36.62,0,0,US-W,LAX-DC1
CL-1026,ORD-2026-814914-0146,2025-09-26,2025-09-30,DHL,"Amsterdam, NL","Cologne, DE",delivered,BOOK-0164,BOOK,2,17.62,35.24,0,0,EU,AMS-FC1
CL-1015,ORD-2026-336934-0147,2025-10-03,2025-10-07,FedEx,"Newark, NJ","Baltimore, MD",delivered,BOOK-0086,BOOK,1,15.16,15.16,0,0,US-E,EWR-DC1
CL-1017,ORD-2026-728758-0148,2025-01-01,2025-01-03,LaserShip,"Amsterdam, NL","Paris, FR",delivered,BRUSH-0139,BRUSH,2,12.06,24.12,0,0,EU,AMS-FC1
CL-1018,ORD-2026-866532-0149,2025-12-08,2025-12-17,FedEx,"Los Angeles, CA","Phoenix, AZ",delayed,PENCIL-0003,PENCIL,4,5.69,22.76,0,0,US-W,LAX-DC1
CL-1004,ORD-2026-518457-0150,2025-05-21,2025-05-23,FedEx,"Chicago, IL","Cleveland, OH",delivered,MARKER-0067,MARKER,1,17,17,0,0,US-C,CHI-DC1
CL-1001,ORD-2026-163964-0151,2025-01-06,2025-01-11,DPD,"Amsterdam, NL","Cologne, DE",delivered,STICKER-0200,STICKER,3,7.98,23.94,0,0,EU,AMS-FC1
CL-1011,ORD-2026-620257-0152,2025-12-15,2025-12-18,USPS,"Chicago, IL","Milwaukee, WI",delivered,MARKER-0138,MARKER,7,21.79,152.53,0,0,US-C,CHI-DC1
CL-1018,ORD-2026-164980-0153,2025-09-11,2025-09-15,DPD,"Dallas, TX","Kansas City, MO",delivered,BOOK-0087,BOOK,1,17.99,17.99,0,0,US-C,DFW-DC1
CL-1002,ORD-2026-680912-0154,2025-06-03,2025-06-09,FedEx,"London, UK","Leeds, UK",delayed,BRUSH-0030,BRUSH,2,10.78,21.56,0,0,UK,LON-FC1
CL-1002,ORD-2026-818917-0155,2025-12-08,2025-12-12,DHL,"San Francisco, CA","Denver, CO",delivered,PENCIL-0135,PENCIL,3,6.52,19.56,0,0,US-W,SFO-DC2
CL-1017,ORD-2026-777416-0156,2025-12-24,2025-12-29,FedEx,"Newark, NJ","Boston, MA",delivered,MARKER-0117,MARKER,1,11.57,11.57,0,0,US-E,EWR-DC1
CL-1002,ORD-2026-151605-0157,2025-11-13,2025-11-19,GLS,"Dallas, TX","St. Louis, MO",delivered,BRUSH-0071,BRUSH,13,9.8,127.4,0,0,US-C,DFW-DC1
CL-1013,ORD-2026-693404-0158,2025-11-29,2025-12-02,USPS,"Newark, NJ","Boston, MA",delivered,PAINT-0037,PAINT,11,27.17,298.87,0,0,US-E,EWR-DC1
CL-1005,ORD-2026-878035-0159,2025-01-11,2025-01-14,UPS,"Newark, NJ","Washington, DC",delivered,PENCIL-0119,PENCIL,4,5.68,22.72,0,0,US-E,EWR-DC1
CL-1006,ORD-2026-922391-0160,2025-04-03,2025-04-07,OnTrac,"Chicago, IL","Minneapolis, MN",delivered,STICKER-0055,STICKER,4,3.44,13.76,0,0,US-C,CHI-DC1
CL-1001,ORD-2026-196220-0161,2025-08-27,2025-09-04,FedEx,"Berlin, DE","Warsaw, PL",delayed,STICKER-0038,STICKER,3,5.12,15.36,0,0,EU,BER-FC1
CL-1003,ORD-2026-323458-0162,2025-01-08,2025-01-15,UPS,"London, UK","Edinburgh, UK",delayed,BOOK-0017,BOOK,1,19.58,19.58,0,0,UK,LON-FC1
CL-1012,ORD-2026-332803-0163,2025-07-10,2025-07-16,FedEx,"Berlin, DE","Warsaw, PL",delivered,STICKER-0072,STICKER,3,5.59,16.77,0,0,EU,BER-FC1
CL-1001,ORD-2026-748699-0164,2025-10-03,2025-10-05,USPS,"San Francisco, CA","Sacramento, CA",delivered,CRAYON-0206,CRAYON,2,6.53,13.06,0,0,US-W,SFO-DC2
CL-1002,ORD-2026-583911-0165,2025-10-30,,UPS,"Amsterdam, NL","Paris, FR",in_transit,STICKER-0006,STICKER,9,7.91,71.19,0,0,EU,AMS-FC1
CL-1021,ORD-2026-669456-0166,2025-04-16,2025-04-19,FedEx,"Los Angeles, CA","Portland, OR",delivered,CRAYON-0137,CRAYON,1,5.99,5.99,0,0,US-W,LAX-DC1
CL-1001,ORD-2026-991338-0167,2025-08-31,2025-09-04,FedEx,"Amsterdam, NL","Cologne, DE",delivered,STICKER-0153,STICKER,1,7.75,7.75,0,0,EU,AMS-FC1
CL-1029,ORD-2026-779508-0168,2025-01-11,2025-01-23,UPS,"Atlanta, GA","Orlando, FL",exception,MARKER-0114,MARKER,1,17.54,17.54,0,0,US-E,ATL-DC1
CL-1008,ORD-2026-528139-0169,2025-04-21,2025-04-24,DHL,"Los Angeles, CA","Seattle, WA",delivered,PENCIL-0060,PENCIL,4,7.13,28.52,0,0,US-W,LAX-DC1
CL-1002,ORD-2026-217564-0170,2025-07-24,2025-07-28,DHL,"Atlanta, GA","Orlando, FL",delivered,MARKER-0212,MARKER,1,22.19,22.19,0,0,US-E,ATL-DC1
CL-1013,ORD-2026-666865-0171,2025-04-16,2025-04-21,FedEx,"Atlanta, GA","Tampa, FL",delivered,MARKER-0134,MARKER,1,13.32,13.32,0,0,US-E,ATL-DC1
CL-1007,ORD-2026-372310-0172,2025-03-27,2025-04-01,DHL,"Chicago, IL","Detroit, MI",delivered,CRAYON-0158,CRAYON,10,8.37,83.7,0,0,US-C,CHI-DC1
CL-1004,ORD-2026-896524-0173,2025-07-13,2025-07-15,DHL,"Dallas, TX","St. Louis, MO",delivered,PAINT-0093,PAINT,1,24.05,24.05,0,0,US-C,DFW-DC1
CL-1005,ORD-2026-266100-0174,2025-05-05,2025-05-09,Royal Mail,"Los Angeles, CA","Seattle, WA",delayed,PAPER-0186,PAPER,9,8.6,77.4,0,0,US-W,LAX-DC1
CL-1004,ORD-2026-393794-0175,2025-05-31,2025-06-06,FedEx,"Berlin, DE","Zurich, CH",delayed,PAPER-0075,PAPER,12,9.76,117.12,0,0,EU,BER-FC1
CL-1027,ORD-2026-457787-0176,2025-12-07,2025-12-11,UPS,"Atlanta, GA","Nashville, TN",delivered,PAINT-0017,PAINT,1,15.7,15.7,0,0,US-E,ATL-DC1
CL-1002,ORD-2026-269133-0177,2025-03-30,2025-04-02,FedEx,"Newark, NJ","Philadelphia, PA",delivered,BRUSH-0181,BRUSH,1,10.79,10.79,0,0,US-E,EWR-DC1
CL-1028,ORD-2026-647502-0178,2025-10-07,2025-10-09,OnTrac,"Newark, NJ","Boston, MA",delivered,STICKER-0194,STICKER,3,6.82,20.46,0,0,US-E,EWR-DC1
CL-1013,ORD-2026-298815-0179,2025-11-19,2025-11-20,Royal Mail,"Newark, NJ","New York, NY",delivered,STICKER-0165,STICKER,6,5.95,35.7,0,0,US-E,EWR-DC1
CL-1023,ORD-2026-518694-0180,2025-01-08,2025-01-13,UPS,"Berlin, DE","Prague, CZ",delivered,PAPER-0154,PAPER,5,13.27,66.35,0,0,EU,BER-FC1
CL-1001,ORD-2026-682573-0181,2025-11-21,,OnTrac,"Amsterdam, NL","Brussels, BE",in_transit,CRAYON-0068,CRAYON,3,7.99,23.97,0,0,EU,AMS-FC1
CL-1009,ORD-2026-399686-0182,2025-03-10,2025-03-12,DHL,"Los Angeles, CA","San Diego, CA",delivered,MARKER-0036,MARKER,2,20.93,41.86,0,0,US-W,LAX-DC1
CL-1005,ORD-2026-644578-0183,2025-06-25,2025-06-28,Royal Mail,"Atlanta, GA","Orlando, FL",delivered,PAINT-0122,PAINT,6,27.69,166.14,0,0,US-E,ATL-DC1
CL-1027,ORD-2026-111516-0184,2025-01-27,2025-01-30,DHL,"Newark, NJ","Baltimore, MD",delivered,PAPER-0075,PAPER,5,12.06,60.3,0,0,US-E,EWR-DC1
CL-1013,ORD-2026-244264-0185,2025-01-08,2025-01-10,FedEx,"San Francisco, CA","Sacramento, CA",delivered,PAPER-0079,PAPER,5,14.03,70.15,0,0,US-W,SFO-DC2
CL-1009,ORD-2026-509758-0186,2025-06-12,2025-06-14,FedEx,"London, UK","Glasgow, UK",delivered,PENCIL-0033,PENCIL,2,3.94,7.88,0,0,UK,LON-FC1
CL-1003,ORD-2026-676764-0187,2025-05-19,,DHL,"Newark, NJ","Baltimore, MD",in_transit,STICKER-0081,STICKER,6,4.18,25.08,0,0,US-E,EWR-DC1
CL-1005,ORD-2026-402845-0188,2025-02-25,2025-02-27,FedEx,"Dallas, TX","St. Louis, MO",delivered,MARKER-0121,MARKER,1,7.77,7.77,0,0,US-C,DFW-DC1
CL-1004,ORD-2026-112395-0189,2025-07-17,2025-07-19,FedEx,"Atlanta, GA","Nashville, TN",delayed,PAPER-0062,PAPER,5,16.88,84.4,0,0,US-E,ATL-DC1
CL-1027,ORD-2026-847691-0190,2025-02-14,2025-02-25,USPS,"Newark, NJ","Washington, DC",exception,PAPER-0086,PAPER,1,14.09,14.09,0,0,US-E,EWR-DC1
CL-1003,ORD-2026-381399-0191,2025-01-18,2025-01-19,FedEx,"San Francisco, CA","Salt Lake City, UT",delivered,PAINT-0209,PAINT,1,18.91,18.91,0,0,US-W,SFO-DC2
CL-1023,ORD-2026-403193-0192,2025-09-06,2025-09-14,Royal Mail,"Amsterdam, NL","Hamburg, DE",delayed,PAPER-0032,PAPER,5,6.52,32.6,0,0,EU,AMS-FC1
CL-1028,ORD-2026-975697-0193,2025-03-07,,UPS,"Newark, NJ","Boston, MA",canceled,CRAYON-0201,CRAYON,1,11.69,11.69,0,0,US-E,EWR-DC1
CL-1018,ORD-2026-163958-0194,2025-09-04,2025-09-08,UPS,"London, UK","Manchester, UK",delivered,STICKER-0153,STICKER,2,3.9,7.8,0,0,UK,LON-FC1
CL-1003,ORD-2026-244319-0195,2025-04-10,2025-04-14,DHL,"Newark, NJ","Philadelphia, PA",delivered,BOOK-0170,BOOK,1,18.44,18.44,0,0,US-E,EWR-DC1
CL-1005,ORD-2026-705005-0196,2025-05-18,2025-05-22,DHL,"London, UK","Leeds, UK",delivered,BRUSH-0034,BRUSH,4,11.4,45.6,0,0,UK,LON-FC1
CL-1001,ORD-2026-274864-0197,2025-05-07,2025-05-11,LaserShip,"Chicago, IL","Cleveland, OH",delivered,BOOK-0161,BOOK,1,9.55,9.55,0,0,US-C,CHI-DC1
CL-1004,ORD-2026-988486-0198,2025-08-12,2025-08-17,UPS,"Amsterdam, NL","Cologne, DE",delivered,MARKER-0164,MARKER,3,14.6,43.8,0,0,EU,AMS-FC1
CL-1004,ORD-2026-620059-0199,2025-07-17,2025-07-20,FedEx,"San Francisco, CA","Reno, NV",delivered,PAPER-0217,PAPER,2,7.71,15.42,0,0,US-W,SFO-DC2
CL-1028,ORD-2026-902947-0200,2025-01-13,2025-01-19,DHL,"Los Angeles, CA","San Jose, CA",delivered,MARKER-0128,MARKER,1,10.25,10.25,0,0,US-W,LAX-DC1
CL-1004,ORD-2026-284512-0201,2025-12-24,2025-12-29,OnTrac,"Dallas, TX","Austin, TX",delivered,BOOK-0026,BOOK,2,23.55,47.1,0,0,US-C,DFW-DC1
CL-1004,ORD-2026-980338-0202,2025-02-27,,FedEx,"Berlin, DE","Vienna, AT",in_transit,MARKER-0065,MARKER,1,10.82,10.82,0,0,EU,BER-FC1
CL-1005,ORD-2026-421401-0203,2025-05-18,2025-05-22,FedEx,"San Francisco, CA","Salt Lake City, UT",delivered,PENCIL-0131,PENCIL,6,6.14,36.84,0,0,US-W,SFO-DC2
CL-1012,ORD-2026-729288-0204,2025-10-10,2025-10-15,DHL,"Atlanta, GA","Richmond, VA",delayed,BOOK-0040,BOOK,9,18.67,168.03,0,0,US-E,ATL-DC1
CL-1016,ORD-2026-210177-0205,2025-12-08,2025-12-12,USPS,"Berlin, DE","Munich, DE",delivered,CRAYON-0037,CRAYON,2,8.34,16.68,0,0,EU,BER-FC1
CL-1029,ORD-2026-236176-0206,2025-03-14,2025-03-19,FedEx,"Dallas, TX","San Antonio, TX",delivered,PAPER-0140,PAPER,3,11.44,34.32,0,0,US-C,DFW-DC1
CL-1021,ORD-2026-164342-0207,2025-11-16,2025-11-21,UPS,"Newark, NJ","Washington, DC",delivered,BRUSH-0117,BRUSH,5,16.88,84.4,0,0,US-E,EWR-DC1
CL-1008,ORD-2026-486791-0208,2025-02-24,2025-02-27,DHL,"Berlin, DE","Vienna, AT",delivered,BOOK-0110,BOOK,1,8.8,8.8,0,0,EU,BER-FC1
CL-1030,ORD-2026-521196-0209,2025-03-25,2025-03-29,FedEx,"Atlanta, GA","Charlotte, NC",delivered,MARKER-0206,MARKER,6,11.27,67.62,0,0,US-E,ATL-DC1
CL-1001,ORD-2026-355432-0210,2025-07-25,2025-08-01,FedEx,"Berlin, DE","Munich, DE",delayed,BRUSH-0028,BRUSH,4,7.65,30.6,0,0,EU,BER-FC1
CL-1022,ORD-2026-503472-0211,2025-04-04,2025-04-08,UPS,"London, UK","Manchester, UK",delivered,PENCIL-0095,PENCIL,3,7.46,22.38,0,0,UK,LON-FC1
CL-1014,ORD-2026-479520-0212,2025-05-01,2025-05-02,UPS,"Amsterdam, NL","Paris, FR",delivered,PAINT-0040,PAINT,3,7.21,21.63,1,34,EU,AMS-FC1
CL-1028,ORD-2026-963317-0213,2025-08-09,2025-08-13,FedEx,"Chicago, IL","Indianapolis, IN",delivered,BOOK-0115,BOOK,1,18.16,18.16,0,0,US-C,CHI-DC1
CL-1016,ORD-2026-115713-0214,2025-01-14,2025-01-20,OnTrac,"Chicago, IL","Minneapolis, MN",delayed,PAPER-0049,PAPER,5,15.99,79.95,0,0,US-C,CHI-DC1
CL-1027,ORD-2026-627237-0215,2025-02-15,2025-02-18,DHL,"San Francisco, CA","Boise, ID",delivered,BOOK-0118,BOOK,2,11.24,22.48,0,0,US-W,SFO-DC2
CL-1012,ORD-2026-870848-0216,2025-11-04,2025-11-08,FedEx,"Newark, NJ","Boston, MA",delivered,MARKER-0087,MARKER,3,15.15,45.45,0,0,US-E,EWR-DC1
CL-1001,ORD-2026-382334-0217,2025-10-02,2025-10-05,UPS,"Amsterdam, NL","Brussels, BE",delivered,MARKER-0092,MARKER,1,20.31,20.31,0,0,EU,AMS-FC1
CL-1009,ORD-2026-666188-0218,2025-01-10,2025-01-15,USPS,"Amsterdam, NL","Cologne, DE",delivered,BRUSH-0084,BRUSH,2,10.85,21.7,0,0,EU,AMS-FC1
CL-1005,ORD-2026-715669-0219,2025-11-23,2025-11-27,DPD,"Newark, NJ","Washington, DC",delivered,PAPER-0214,PAPER,7,14.37,100.59,0,0,US-E,EWR-DC1
CL-1005,ORD-2026-533958-0220,2025-05-24,,UPS,"Amsterdam, NL","Hamburg, DE",in_transit,MARKER-0166,MARKER,1,10.05,10.05,0,0,EU,AMS-FC1
CL-1026,ORD-2026-460895-0221,2025-01-30,2025-02-03,DHL,"Atlanta, GA","Tampa, FL",delivered,PAPER-0078,PAPER,1,9.32,9.32,0,0,US-E,ATL-DC1
CL-1012,ORD-2026-833233-0222,2025-09-12,2025-09-17,DHL,"Amsterdam, NL","Paris, FR",delivered,PENCIL-0137,PENCIL,7,8.19,57.33,0,0,EU,AMS-FC1
CL-1018,ORD-2026-930168-0223,2025-02-14,2025-02-17,UPS,"London, UK","Birmingham, UK",delivered,PENCIL-0071,PENCIL,3,9.13,27.39,0,0,UK,LON-FC1
CL-1003,ORD-2026-501662-0224,2025-08-15,2025-08-25,UPS,"San Francisco, CA","Denver, CO",delayed,BOOK-0090,BOOK,3,8.2,24.6,0,0,US-W,SFO-DC2
CL-1007,ORD-2026-954158-0225,2025-01-14,2025-01-19,DHL,"Amsterdam, NL","Hamburg, DE",delivered,CRAYON-0168,CRAYON,3,4.5,13.5,0,0,EU,AMS-FC1
CL-1007,ORD-2026-502332-0226,2025-12-07,2025-12-08,DPD,"Los Angeles, CA","Phoenix, AZ",delivered,CRAYON-0088,CRAYON,4,8.92,35.68,0,0,US-W,LAX-DC1
CL-1030,ORD-2026-578787-0227,2025-02-20,2025-02-21,Royal Mail,"Newark, NJ","Washington, DC",delivered,PAINT-0206,PAINT,1,21.79,21.79,0,0,US-E,EWR-DC1
CL-1002,ORD-2026-385289-0228,2025-01-28,2025-02-03,UPS,"Dallas, TX","Kansas City, MO",delayed,PAINT-0133,PAINT,2,27.84,55.68,0,0,US-C,DFW-DC1
CL-1014,ORD-2026-254694-0229,2025-09-03,2025-09-08,GLS,"Dallas, TX","San Antonio, TX",delivered,PENCIL-0175,PENCIL,5,7.35,36.75,0,0,US-C,DFW-DC1
CL-1005,ORD-2026-371539-0230,2025-03-26,2025-03-27,FedEx,"Atlanta, GA","Tampa, FL",delivered,PENCIL-0176,PENCIL,3,2.59,7.77,0,0,US-E,ATL-DC1
CL-1003,ORD-2026-779425-0231,2025-10-07,2025-10-08,FedEx,"Atlanta, GA","Tampa, FL",delivered,CRAYON-0215,CRAYON,2,9.97,19.94,1,6,US-E,ATL-DC1
CL-1005,ORD-2026-972841-0232,2025-06-21,2025-07-02,FedEx,"Berlin, DE","Warsaw, PL",exception,PAINT-0043,PAINT,3,18.66,55.98,0,0,EU,BER-FC1
CL-1017,ORD-2026-650811-0233,2025-05-04,2025-05-13,FedEx,"Dallas, TX","Oklahoma City, OK",delayed,MARKER-0050,MARKER,2,17.77,35.54,0,0,US-C,DFW-DC1
CL-1002,ORD-2026-615083-0234,2025-03-02,2025-03-08,UPS,"Dallas, TX","Kansas City, MO",delayed,STICKER-0098,STICKER,6,6.47,38.82,0,0,US-C,DFW-DC1
CL-1013,ORD-2026-758297-0235,2025-12-19,2025-12-20,DPD,"Los Angeles, CA","Portland, OR",delivered,PAPER-0105,PAPER,8,11.72,93.76,0,0,US-W,LAX-DC1
CL-1017,ORD-2026-949613-0236,2025-08-13,2025-08-17,FedEx,"San Francisco, CA","Denver, CO",delivered,MARKER-0010,MARKER,2,15.17,30.34,0,0,US-W,SFO-DC2
CL-1004,ORD-2026-723092-0237,2025-11-22,2025-11-26,OnTrac,"Dallas, TX","Austin, TX",delivered,PAPER-0096,PAPER,7,9.91,69.37,1,19,US-C,DFW-DC1
CL-1027,ORD-2026-912377-0238,2025-04-04,2025-04-07,FedEx,"London, UK","Manchester, UK",delivered,CRAYON-0188,CRAYON,1,7.35,7.35,0,0,UK,LON-FC1
CL-1022,ORD-2026-260431-0239,2025-10-22,2025-10-25,USPS,"San Francisco, CA","Salt Lake City, UT",delivered,PAPER-0156,PAPER,1,9.39,9.39,0,0,US-W,SFO-DC2
CL-1004,ORD-2026-546938-0240,2025-01-26,2025-01-27,OnTrac,"Amsterdam, NL","Brussels, BE",delivered,PAPER-0122,PAPER,3,9.48,28.44,0,0,EU,AMS-FC1
CL-1027,ORD-2026-175525-0241,2025-01-04,2025-01-07,LaserShip,"Berlin, DE","Zurich, CH",delivered,PAINT-0099,PAINT,1,26.43,26.43,0,0,EU,BER-FC1
CL-1017,ORD-2026-634839-0242,2025-01-06,2025-01-10,FedEx,"Los Angeles, CA","Seattle, WA",delayed,CRAYON-0051,CRAYON,9,8.17,73.53,0,0,US-W,LAX-DC1
CL-1005,ORD-2026-123612-0243,2025-08-05,2025-08-08,DHL,"Amsterdam, NL","Cologne, DE",delivered,CRAYON-0017,CRAYON,2,10.82,21.64,0,0,EU,AMS-FC1
CL-1014,ORD-2026-759317-0244,2025-12-12,2025-12-17,Royal Mail,"Atlanta, GA","Orlando, FL",delayed,CRAYON-0070,CRAYON,5,6.19,30.95,1,25,US-E,ATL-DC1
CL-1021,ORD-2026-669094-0245,2025-07-28,2025-07-31,UPS,"Los Angeles, CA","Portland, OR",delivered,BRUSH-0104,BRUSH,3,5.17,15.51,0,0,US-W,LAX-DC1
CL-1029,ORD-2026-330919-0246,2025-03-09,2025-03-13,Royal Mail,"London, UK","Leeds, UK",delivered,STICKER-0028,STICKER,1,8.35,8.35,0,0,UK,LON-FC1
CL-1001,ORD-2026-476817-0247,2025-08-14,,LaserShip,"Chicago, IL","Detroit, MI",in_transit,PAINT-0220,PAINT,1,13.94,13.94,0,0,US-C,CHI-DC1
CL-1003,ORD-2026-493609-0248,2025-05-11,,DPD,"Newark, NJ","Baltimore, MD",in_transit,PENCIL-0046,PENCIL,5,6.88,34.4,0,0,US-E,EWR-DC1
CL-1005,ORD-2026-289621-0249,2025-03-01,2025-03-05,USPS,"London, UK","Manchester, UK",delivered,MARKER-0183,MARKER,2,18.07,36.14,1,13,UK,LON-FC1
CL-1001,ORD-2026-110538-0250,2025-09-19,2025-09-24,UPS,"Berlin, DE","Munich, DE",delivered,PENCIL-0114,PENCIL,4,6.44,25.76,0,0,EU,BER-FC1
CL-1017,ORD-2026-310570-0251,2025-07-05,2025-07-09,UPS,"Dallas, TX","Austin, TX",delivered,CRAYON-0185,CRAYON,2,8.21,16.42,0,0,US-C,DFW-DC1
CL-1006,ORD-2026-895871-0252,2025-06-21,2025-06-26,USPS,"Los Angeles, CA","San Jose, CA",delivered,BOOK-0010,BOOK,1,18.12,18.12,0,0,US-W,LAX-DC1
CL-1004,ORD-2026-700682-0253,2025-12-19,2025-12-22,UPS,"Amsterdam, NL","Hamburg, DE",delivered,PAINT-0098,PAINT,3,27.39,82.17,0,0,EU,AMS-FC1
CL-1006,ORD-2026-644310-0254,2025-04-20,2025-04-30,GLS,"Chicago, IL","Detroit, MI",exception,STICKER-0096,STICKER,1,8.58,8.58,0,0,US-C,CHI-DC1
CL-1006,ORD-2026-474803-0255,2025-01-07,2025-01-11,UPS,"Los Angeles, CA","Portland, OR",delivered,MARKER-0013,MARKER,1,8.2,8.2,0,0,US-W,LAX-DC1
CL-1003,ORD-2026-412179-0256,2025-03-02,,FedEx,"London, UK","Birmingham, UK",in_transit,STICKER-0215,STICKER,16,6.34,101.44,0,0,UK,LON-FC1
CL-1002,ORD-2026-714804-0257,2025-05-25,2025-05-26,DHL,"San Francisco, CA","Reno, NV",delivered,PAPER-0123,PAPER,1,9.49,9.49,0,0,US-W,SFO-DC2
CL-1026,ORD-2026-136871-0258,2025-01-15,2025-01-19,UPS,"Newark, NJ","Washington, DC",delivered,CRAYON-0185,CRAYON,4,5.05,20.2,0,0,US-E,EWR-DC1
CL-1008,ORD-2026-288821-0259,2025-11-11,2025-11-19,USPS,"Chicago, IL","Milwaukee, WI",delayed,BRUSH-0085,BRUSH,3,12.19,36.57,0,0,US-C,CHI-DC1
CL-1025,ORD-2026-237318-0260,2025-06-29,2025-07-01,FedEx,"Los Angeles, CA","Phoenix, AZ",delivered,CRAYON-0115,CRAYON,1,10.09,10.09,0,0,US-W,LAX-DC1
CL-1008,ORD-2026-754860-0261,2025-03-24,2025-03-29,DHL,"Chicago, IL","Milwaukee, WI",delivered,MARKER-0047,MARKER,1,14.56,14.56,0,0,US-C,CHI-DC1
CL-1003,ORD-2026-328876-0262,2025-12-23,,UPS,"London, UK","Manchester, UK",in_transit,PAPER-0015,PAPER,2,17.19,34.38,0,0,UK,LON-FC1
CL-1030,ORD-2026-316909-0263,2025-04-09,2025-04-11,USPS,"San Francisco, CA","Sacramento, CA",delivered,PAINT-0154,PAINT,2,25.56,51.12,0,0,US-W,SFO-DC2
CL-1003,ORD-2026-664626-0264,2025-09-11,2025-09-14,FedEx,"Amsterdam, NL","Cologne, DE",delivered,STICKER-0041,STICKER,11,7.26,79.86,1,6,EU,AMS-FC1
CL-1020,ORD-2026-382826-0265,2025-02-20,2025-02-23,UPS,"Chicago, IL","Indianapolis, IN",delivered,PENCIL-0007,PENCIL,2,4.92,9.84,0,0,US-C,CHI-DC1
CL-1005,ORD-2026-971460-0266,2025-06-08,2025-06-12,FedEx,"Dallas, TX","St. Louis, MO",delivered,BRUSH-0037,BRUSH,4,14.95,59.8,0,0,US-C,DFW-DC1
CL-1002,ORD-2026-773193-0267,2025-04-22,,DHL,"London, UK","Leeds, UK",in_transit,PENCIL-0073,PENCIL,1,9.43,9.43,0,0,UK,LON-FC1
CL-1027,ORD-2026-774620-0268,2025-04-12,,UPS,"London, UK","Edinburgh, UK",canceled,STICKER-0006,STICKER,1,6.03,6.03,0,0,UK,LON-FC1
CL-1009,ORD-2026-388214-0269,2025-02-23,2025-02-27,Royal Mail,"San Francisco, CA","Denver, CO",delivered,PAINT-0166,PAINT,2,24.63,49.26,0,0,US-W,SFO-DC2
CL-1023,ORD-2026-967015-0270,2025-03-07,2025-03-11,USPS,"Newark, NJ","Washington, DC",delivered,PENCIL-0050,PENCIL,1,2.05,2.05,1,27,US-E,EWR-DC1
CL-1002,ORD-2026-887566-0271,2025-09-19,2025-09-22,GLS,"Newark, NJ","Boston, MA",delayed,PENCIL-0220,PENCIL,13,4.41,57.33,0,0,US-E,EWR-DC1
CL-1021,ORD-2026-375289-0272,2025-08-14,,LaserShip,"Atlanta, GA","Richmond, VA",canceled,PENCIL-0005,PENCIL,5,4.06,20.3,0,0,US-E,ATL-DC1
CL-1007,ORD-2026-727972-0273,2025-09-22,2025-09-26,UPS,"San Francisco, CA","Salt Lake City, UT",delivered,CRAYON-0118,CRAYON,2,4.64,9.28,0,0,US-W,SFO-DC2
CL-1011,ORD-2026-623461-0274,2025-03-21,2025-04-01,Royal Mail,"Amsterdam, NL","Hamburg, DE",delayed,BRUSH-0018,BRUSH,8,8.7,69.6,0,0,EU,AMS-FC1
CL-1002,ORD-2026-653240-0275,2025-05-05,2025-05-06,FedEx,"London, UK","Glasgow, UK",delivered,BRUSH-0060,BRUSH,2,6.72,13.44,0,0,UK,LON-FC1
CL-1004,ORD-2026-779492-0276,2025-07-28,2025-08-02,USPS,"London, UK","Leeds, UK",delivered,PAINT-0018,PAINT,2,21.35,42.7,0,0,UK,LON-FC1
CL-1007,ORD-2026-170489-0277,2025-02-02,2025-02-11,UPS,"San Francisco, CA","Reno, NV",delayed,CRAYON-0029,CRAYON,1,6.61,6.61,0,0,US-W,SFO-DC2
CL-1003,ORD-2026-439292-0278,2025-02-13,2025-02-18,DHL,"Amsterdam, NL","Hamburg, DE",delivered,MARKER-0209,MARKER,3,12.98,38.94,0,0,EU,AMS-FC1
CL-1006,ORD-2026-907373-0279,2025-03-17,2025-03-18,OnTrac,"Los Angeles, CA","San Jose, CA",delivered,PAINT-0176,PAINT,7,22.69,158.83,0,0,US-W,LAX-DC1
CL-1026,ORD-2026-766656-0280,2025-08-24,2025-08-27,FedEx,"London, UK","Leeds, UK",delivered,BRUSH-0007,BRUSH,2,10.62,21.24,0,0,UK,LON-FC1
CL-1028,ORD-2026-692255-0281,2025-06-17,2025-06-22,UPS,"Newark, NJ","Washington, DC",delivered,MARKER-0204,MARKER,1,11.55,11.55,0,0,US-E,EWR-DC1
CL-1001,ORD-2026-596137-0282,2025-06-09,2025-06-10,UPS,"Amsterdam, NL","Brussels, BE",delivered,BRUSH-0086,BRUSH,2,5.04,10.08,0,0,EU,AMS-FC1
CL-1023,ORD-2026-740021-0283,2025-06-10,2025-06-12,Royal Mail,"San Francisco, CA","Sacramento, CA",delivered,STICKER-0189,STICKER,1,3.17,3.17,0,0,US-W,SFO-DC2
CL-1003,ORD-2026-456181-0284,2025-07-13,2025-07-16,FedEx,"Amsterdam, NL","Paris, FR",delivered,STICKER-0063,STICKER,18,2.83,50.94,1,10,EU,AMS-FC1
CL-1005,ORD-2026-616202-0285,2025-01-03,,DHL,"London, UK","Edinburgh, UK",in_transit,PENCIL-0003,PENCIL,3,4.15,12.45,0,0,UK,LON-FC1
CL-1014,ORD-2026-920822-0286,2025-08-01,2025-08-04,FedEx,"London, UK","Edinburgh, UK",delivered,BOOK-0196,BOOK,2,21.36,42.72,0,0,UK,LON-FC1
CL-1001,ORD-2026-717909-0287,2025-07-30,2025-08-04,Royal Mail,"Amsterdam, NL","Frankfurt, DE",delivered,BOOK-0016,BOOK,1,16.95,16.95,0,0,EU,AMS-FC1
CL-1004,ORD-2026-415049-0288,2025-11-13,2025-11-22,USPS,"Atlanta, GA","Charlotte, NC",delayed,PENCIL-0084,PENCIL,2,8.19,16.38,0,0,US-E,ATL-DC1
CL-1005,ORD-2026-163740-0289,2025-03-05,2025-03-07,FedEx,"Los Angeles, CA","Las Vegas, NV",delivered,STICKER-0042,STICKER,3,5.1,15.3,0,0,US-W,LAX-DC1
CL-1003,ORD-2026-490051-0290,2025-07-22,2025-07-25,DHL,"Berlin, DE","Zurich, CH",delivered,STICKER-0032,STICKER,4,7.49,29.96,0,0,EU,BER-FC1
CL-1018,ORD-2026-743160-0291,2025-01-24,2025-01-27,USPS,"Atlanta, GA","Richmond, VA",delayed,STICKER-0087,STICKER,4,7.2,28.8,0,0,US-E,ATL-DC1
CL-1001,ORD-2026-159257-0292,2025-11-13,2025-11-17,USPS,"Berlin, DE","Zurich, CH",delivered,BOOK-0072,BOOK,10,16.57,165.7,0,0,EU,BER-FC1
CL-1007,ORD-2026-765139-0293,2025-08-13,2025-08-17,UPS,"London, UK","Manchester, UK",delivered,PAPER-0219,PAPER,7,6.71,46.97,0,0,UK,LON-FC1
CL-1026,ORD-2026-199658-0294,2025-06-19,2025-06-23,LaserShip,"Chicago, IL","Indianapolis, IN",delivered,CRAYON-0199,CRAYON,2,5.94,11.88,0,0,US-C,CHI-DC1
CL-1005,ORD-2026-826044-0295,2025-04-17,2025-04-21,LaserShip,"Atlanta, GA","Charlotte, NC",delivered,PENCIL-0135,PENCIL,3,7.35,22.05,0,0,US-E,ATL-DC1
CL-1003,ORD-2026-814569-0296,2025-07-22,2025-07-26,DHL,"London, UK","Birmingham, UK",delivered,BRUSH-0162,BRUSH,5,10.31,51.55,0,0,UK,LON-FC1
CL-1004,ORD-2026-651969-0297,2025-06-27,2025-07-06,OnTrac,"Dallas, TX","Oklahoma City, OK",delayed,PENCIL-0213,PENCIL,1,6.5,6.5,0,0,US-C,DFW-DC1
CL-1016,ORD-2026-800885-0298,2025-11-21,2025-11-22,FedEx,"Newark, NJ","Philadelphia, PA",delivered,CRAYON-0067,CRAYON,1,10.02,10.02,0,0,US-E,EWR-DC1
CL-1026,ORD-2026-694619-0299,2025-08-15,2025-08-18,UPS,"Amsterdam, NL","Paris, FR",delivered,MARKER-0028,MARKER,2,14.68,29.36,0,0,EU,AMS-FC1
CL-1007,ORD-2026-320605-0300,2025-01-04,2025-01-05,DHL,"Atlanta, GA","Charlotte, NC",delivered,CRAYON-0105,CRAYON,1,4.39,4.39,0,0,US-E,ATL-DC1
CL-1012,ORD-2026-195436-0301,2025-01-10,2025-01-14,USPS,"Los Angeles, CA","San Jose, CA",delivered,MARKER-0077,MARKER,1,13.92,13.92,0,0,US-W,LAX-DC1
CL-1016,ORD-2026-778255-0302,2025-09-09,2025-09-12,UPS,"Chicago, IL","Indianapolis, IN",delivered,CRAYON-0068,CRAYON,2,11.9,23.8,0,0,US-C,CHI-DC1
CL-1004,ORD-2026-109072-0303,2025-07-06,2025-07-11,USPS,"Los Angeles, CA","Phoenix, AZ",delayed,PAINT-0195,PAINT,1,28.93,28.93,0,0,US-W,LAX-DC1
CL-1003,ORD-2026-186356-0304,2025-03-30,2025-04-04,DHL,"Dallas, TX","Austin, TX",delivered,PAINT-0092,PAINT,1,22.67,22.67,0,0,US-C,DFW-DC1
CL-1018,ORD-2026-158671-0305,2025-11-27,2025-12-03,LaserShip,"London, UK","Leeds, UK",delayed,BOOK-0199,BOOK,2,21.22,42.44,1,5,UK,LON-FC1
CL-1021,ORD-2026-677558-0306,2025-01-08,2025-01-16,OnTrac,"Berlin, DE","Warsaw, PL",delayed,BRUSH-0153,BRUSH,5,7.86,39.3,0,0,EU,BER-FC1
CL-1008,ORD-2026-928148-0307,2025-05-22,,Royal Mail,"Chicago, IL","Detroit, MI",in_transit,MARKER-0200,MARKER,9,10.79,97.11,0,0,US-C,CHI-DC1
CL-1008,ORD-2026-539599-0308,2025-08-13,2025-08-18,DHL,"Amsterdam, NL","Frankfurt, DE",delivered,PENCIL-0213,PENCIL,5,6.29,31.45,0,0,EU,AMS-FC1
CL-1013,ORD-2026-654513-0309,2025-10-16,2025-10-20,FedEx,"Newark, NJ","Washington, DC",delivered,MARKER-0047,MARKER,10,19.02,190.2,0,0,US-E,EWR-DC1
CL-1025,ORD-2026-381066-0310,2025-07-11,2025-07-13,LaserShip,"Atlanta, GA","Tampa, FL",delivered,PAINT-0058,PAINT,1,12.78,12.78,0,0,US-E,ATL-DC1
CL-1004,ORD-2026-892825-0311,2025-01-03,2025-01-05,FedEx,"Newark, NJ","Washington, DC",delivered,CRAYON-0050,CRAYON,3,9.81,29.43,1,14,US-E,EWR-DC1
CL-1013,ORD-2026-160101-0312,2025-03-01,2025-03-03,FedEx,"Dallas, TX","Oklahoma City, OK",delivered,BRUSH-0121,BRUSH,8,14.2,113.6,0,0,US-C,DFW-DC1
CL-1027,ORD-2026-235869-0313,2025-03-12,2025-03-15,OnTrac,"London, UK","Birmingham, UK",delivered,PAINT-0120,PAINT,1,27.77,27.77,0,0,UK,LON-FC1
CL-1004,ORD-2026-512563-0314,2025-06-27,2025-07-01,USPS,"Los Angeles, CA","San Diego, CA",delivered,MARKER-0021,MARKER,1,20.91,20.91,0,0,US-W,LAX-DC1
CL-1002,ORD-2026-164077-0315,2025-02-09,2025-02-12,Royal Mail,"London, UK","Leeds, UK",delivered,BRUSH-0076,BRUSH,7,13.39,93.73,0,0,UK,LON-FC1
CL-1009,ORD-2026-216047-0316,2025-01-20,2025-01-23,OnTrac,"Los Angeles, CA","Las Vegas, NV",delivered,PAPER-0179,PAPER,1,9.67,9.67,0,0,US-W,LAX-DC1
CL-1007,ORD-2026-595895-0317,2025-01-11,2025-01-18,UPS,"Los Angeles, CA","Seattle, WA",delivered,CRAYON-0040,CRAYON,3,6.45,19.35,0,0,US-W,LAX-DC1
CL-1025,ORD-2026-568366-0318,2025-06-26,2025-06-27,FedEx,"San Francisco, CA","Salt Lake City, UT",delivered,CRAYON-0056,CRAYON,2,4.29,8.58,0,0,US-W,SFO-DC2
CL-1007,ORD-2026-956019-0319,2025-01-09,2025-01-13,FedEx,"Atlanta, GA","Nashville, TN",delivered,PAINT-0159,PAINT,1,10.91,10.91,0,0,US-E,ATL-DC1
CL-1003,ORD-2026-846734-0320,2025-03-21,2025-03-25,FedEx,"Newark, NJ","Baltimore, MD",delivered,CRAYON-0201,CRAYON,3,8.35,25.05,0,0,US-E,EWR-DC1
CL-1019,ORD-2026-582831-0321,2025-10-07,2025-10-08,LaserShip,"Los Angeles, CA","San Diego, CA",delivered,PAINT-0013,PAINT,2,23.23,46.46,0,0,US-W,LAX-DC1
CL-1005,ORD-2026-778255-0322,2025-03-19,2025-03-22,DHL,"Atlanta, GA","Charlotte, NC",delivered,BRUSH-0066,BRUSH,4,13.16,52.64,0,0,US-E,ATL-DC1
CL-1005,ORD-2026-328656-0323,2025-01-28,2025-02-02,USPS,"San Francisco, CA","Sacramento, CA",delivered,PENCIL-0062,PENCIL,3,7.48,22.44,0,0,US-W,SFO-DC2
CL-1014,ORD-2026-725773-0324,2025-08-11,2025-08-15,DHL,"San Francisco, CA","Denver, CO",delivered,MARKER-0051,MARKER,2,22.36,44.72,0,0,US-W,SFO-DC2
CL-1002,ORD-2026-108980-0325,2025-11-19,,FedEx,"Los Angeles, CA","Phoenix, AZ",in_transit,BOOK-0107,BOOK,1,11.91,11.91,0,0,US-W,LAX-DC1
CL-1001,ORD-2026-776450-0326,2025-01-12,2025-01-18,Royal Mail,"Newark, NJ","New York, NY",exception,MARKER-0056,MARKER,2,16.21,32.42,0,0,US-E,EWR-DC1
CL-1008,ORD-2026-641029-0327,2025-01-01,2025-01-02,UPS,"Newark, NJ","Washington, DC",delivered,BRUSH-0212,BRUSH,2,13.54,27.08,0,0,US-E,EWR-DC1
CL-1004,ORD-2026-212999-0328,2025-07-01,2025-07-05,DPD,"San Francisco, CA","Boise, ID",delivered,PAPER-0091,PAPER,4,13.34,53.36,0,0,US-W,SFO-DC2
CL-1014,ORD-2026-700462-0329,2025-05-06,2025-05-11,UPS,"Atlanta, GA","Richmond, VA",delayed,MARKER-0013,MARKER,3,11.12,33.36,1,14,US-E,ATL-DC1
CL-1001,ORD-2026-680969-0330,2025-08-22,2025-08-31,UPS,"Atlanta, GA","Orlando, FL",delayed,STICKER-0008,STICKER,1,2.56,2.56,0,0,US-E,ATL-DC1
CL-1021,ORD-2026-508798-0331,2025-08-23,2025-08-25,DPD,"San Francisco, CA","Salt Lake City, UT",delivered,PENCIL-0147,PENCIL,4,8.67,34.68,0,0,US-W,SFO-DC2
CL-1004,ORD-2026-144963-0332,2025-05-05,2025-05-13,FedEx,"Dallas, TX","Houston, TX",delivered,STICKER-0092,STICKER,1,4.49,4.49,0,0,US-C,DFW-DC1
CL-1003,ORD-2026-242287-0333,2025-01-07,2025-01-09,DPD,"Newark, NJ","Boston, MA",delivered,BRUSH-0138,BRUSH,4,16.84,67.36,0,0,US-E,EWR-DC1
CL-1019,ORD-2026-773028-0334,2025-03-16,2025-03-23,USPS,"Chicago, IL","Indianapolis, IN",delivered,CRAYON-0086,CRAYON,1,10.8,10.8,0,0,US-C,CHI-DC1
CL-1001,ORD-2026-451260-0335,2025-11-21,2025-11-24,USPS,"Newark, NJ","Philadelphia, PA",delivered,MARKER-0138,MARKER,9,21.44,192.96,0,0,US-E,EWR-DC1
CL-1015,ORD-2026-875677-0336,2025-10-11,2025-10-16,DHL,"Dallas, TX","Houston, TX",delivered,PENCIL-0079,PENCIL,8,2.68,21.44,0,0,US-C,DFW-DC1
CL-1027,ORD-2026-174485-0337,2025-10-08,2025-10-12,USPS,"Los Angeles, CA","San Jose, CA",delayed,BOOK-0094,BOOK,2,13.92,27.84,0,0,US-W,LAX-DC1
CL-1027,ORD-2026-695386-0338,2025-07-30,2025-08-02,UPS,"Atlanta, GA","Richmond, VA",delivered,BOOK-0205,BOOK,2,8.59,17.18,0,0,US-E,ATL-DC1
CL-1018,ORD-2026-481035-0339,2025-02-05,2025-02-07,DPD,"Chicago, IL","Milwaukee, WI",delivered,BOOK-0151,BOOK,1,21.64,21.64,0,0,US-C,CHI-DC1
CL-1012,ORD-2026-132663-0340,2025-10-11,2025-10-13,DHL,"Dallas, TX","San Antonio, TX",delivered,MARKER-0023,MARKER,1,16.19,16.19,0,0,US-C,DFW-DC1
CL-1002,ORD-2026-381432-0341,2025-07-30,2025-08-01,OnTrac,"Dallas, TX","Kansas City, MO",delivered,BRUSH-0139,BRUSH,2,8.95,17.9,0,0,US-C,DFW-DC1
CL-1021,ORD-2026-156168-0342,2025-01-19,2025-01-22,LaserShip,"Newark, NJ","New York, NY",delivered,STICKER-0115,STICKER,2,3.23,6.46,0,0,US-E,EWR-DC1
CL-1008,ORD-2026-970147-0343,2025-03-09,2025-03-13,DPD,"Los Angeles, CA","San Jose, CA",exception,BRUSH-0150,BRUSH,2,15.81,31.62,0,0,US-W,LAX-DC1
CL-1001,ORD-2026-989354-0344,2025-07-28,,LaserShip,"Berlin, DE","Warsaw, PL",in_transit,PENCIL-0160,PENCIL,5,3.5,17.5,0,0,EU,BER-FC1
CL-1021,ORD-2026-779924-0345,2025-03-07,2025-03-13,OnTrac,"Dallas, TX","Oklahoma City, OK",exception,BRUSH-0055,BRUSH,2,12.28,24.56,0,0,US-C,DFW-DC1
CL-1024,ORD-2026-593396-0346,2025-08-10,2025-08-12,OnTrac,"Atlanta, GA","Orlando, FL",delivered,BRUSH-0159,BRUSH,1,16.65,16.65,0,0,US-E,ATL-DC1
CL-1002,ORD-2026-976083-0347,2025-03-13,2025-03-16,UPS,"San Francisco, CA","Denver, CO",delayed,CRAYON-0046,CRAYON,3,8.28,24.84,0,0,US-W,SFO-DC2
CL-1028,ORD-2026-290098-0348,2025-08-03,2025-08-08,FedEx,"Amsterdam, NL","Frankfurt, DE",delayed,CRAYON-0016,CRAYON,3,12.95,38.85,0,0,EU,AMS-FC1
CL-1001,ORD-2026-132678-0349,2025-01-02,2025-01-04,UPS,"Atlanta, GA","Orlando, FL",delivered,PENCIL-0196,PENCIL,2,3.9,7.8,0,0,US-E,ATL-DC1
CL-1019,ORD-2026-441134-0350,2025-01-29,2025-01-31,UPS,"Atlanta, GA","Tampa, FL",delivered,PAPER-0041,PAPER,9,5.85,52.65,0,0,US-E,ATL-DC1
CL-1025,ORD-2026-509134-0351,2025-07-19,,FedEx,"Berlin, DE","Vienna, AT",in_transit,PENCIL-0014,PENCIL,3,6.9,20.7,0,0,EU,BER-FC1
CL-1006,ORD-2026-496236-0352,2025-01-17,2025-01-18,DHL,"Newark, NJ","Baltimore, MD",delivered,CRAYON-0151,CRAYON,8,6.96,55.68,0,0,US-E,EWR-DC1
CL-1012,ORD-2026-291057-0353,2025-03-22,2025-03-25,DHL,"San Francisco, CA","Denver, CO",delivered,PENCIL-0125,PENCIL,12,2.79,33.48,0,0,US-W,SFO-DC2
CL-1016,ORD-2026-610155-0354,2025-05-20,2025-05-23,DHL,"Los Angeles, CA","Phoenix, AZ",delivered,CRAYON-0131,CRAYON,3,4.64,13.92,0,0,US-W,LAX-DC1
CL-1016,ORD-2026-175901-0355,2025-12-28,2025-12-30,DHL,"Los Angeles, CA","San Diego, CA",delivered,BOOK-0123,BOOK,2,23.26,46.52,0,0,US-W,LAX-DC1
CL-1001,ORD-2026-302006-0356,2025-01-16,2025-01-18,DHL,"Newark, NJ","New York, NY",delivered,BRUSH-0028,BRUSH,2,12.22,24.44,0,0,US-E,EWR-DC1
CL-1001,ORD-2026-246218-0357,2025-08-28,2025-09-02,USPS,"San Francisco, CA","Denver, CO",delivered,CRAYON-0110,CRAYON,4,5.87,23.48,0,0,US-W,SFO-DC2
CL-1003,ORD-2026-655170-0358,2025-01-01,2025-01-04,DHL,"Berlin, DE","Munich, DE",delivered,STICKER-0210,STICKER,2,6.24,12.48,0,0,EU,BER-FC1
CL-1025,ORD-2026-676912-0359,2025-07-29,2025-08-02,UPS,"London, UK","Manchester, UK",delivered,BOOK-0006,BOOK,4,16.1,64.4,0,0,UK,LON-FC1
CL-1003,ORD-2026-798235-0360,2025-01-03,2025-01-06,DHL,"Chicago, IL","Detroit, MI",delivered,BOOK-0032,BOOK,2,16.64,33.28,0,0,US-C,CHI-DC1
CL-1021,ORD-2026-936011-0361,2025-09-20,2025-09-23,DHL,"Berlin, DE","Warsaw, PL",delivered,PENCIL-0213,PENCIL,5,8.49,42.45,0,0,EU,BER-FC1
CL-1029,ORD-2026-541244-0362,2025-08-17,2025-08-25,DPD,"Amsterdam, NL","Hamburg, DE",exception,BOOK-0177,BOOK,2,9.12,18.24,0,0,EU,AMS-FC1
CL-1001,ORD-2026-761385-0363,2025-01-11,2025-01-14,OnTrac,"Berlin, DE","Prague, CZ",delivered,STICKER-0089,STICKER,1,5.18,5.18,0,0,EU,BER-FC1
CL-1005,ORD-2026-994942-0364,2025-12-30,2025-12-31,DHL,"San Francisco, CA","Boise, ID",delivered,STICKER-0185,STICKER,5,4.51,22.55,0,0,US-W,SFO-DC2
CL-1010,ORD-2026-772267-0365,2025-10-14,2025-10-17,Royal Mail,"Newark, NJ","Boston, MA",delivered,BRUSH-0218,BRUSH,2,13.64,27.28,0,0,US-E,EWR-DC1
CL-1009,ORD-2026-884314-0366,2025-06-22,2025-06-24,Royal Mail,"San Francisco, CA","Reno, NV",delivered,STICKER-0096,STICKER,4,2.97,11.88,0,0,US-W,SFO-DC2
CL-1012,ORD-2026-611923-0367,2025-03-19,2025-03-23,DPD,"Atlanta, GA","Orlando, FL",delivered,BOOK-0008,BOOK,1,23.68,23.68,0,0,US-E,ATL-DC1
CL-1001,ORD-2026-992406-0368,2025-02-10,2025-02-14,FedEx,"Dallas, TX","Houston, TX",delivered,MARKER-0215,MARKER,1,13.15,13.15,0,0,US-C,DFW-DC1
CL-1004,ORD-2026-325051-0369,2025-03-24,,GLS,"San Francisco, CA","Boise, ID",in_transit,PAINT-0131,PAINT,2,15.06,30.12,0,0,US-W,SFO-DC2
CL-1028,ORD-2026-714562-0370,2025-12-19,2025-12-22,USPS,"London, UK","Edinburgh, UK",delivered,PAINT-0082,PAINT,3,17.25,51.75,0,0,UK,LON-FC1
CL-1002,ORD-2026-161491-0371,2025-07-15,2025-07-19,DHL,"Newark, NJ","Boston, MA",delivered,BOOK-0060,BOOK,1,12.79,12.79,0,0,US-E,EWR-DC1
CL-1021,ORD-2026-595846-0372,2025-04-10,2025-04-14,FedEx,"Amsterdam, NL","Paris, FR",delivered,PAPER-0132,PAPER,2,16.88,33.76,0,0,EU,AMS-FC1
CL-1019,ORD-2026-579811-0373,2025-07-20,2025-07-25,USPS,"Los Angeles, CA","San Jose, CA",delivered,CRAYON-0157,CRAYON,3,4.61,13.83,0,0,US-W,LAX-DC1
CL-1002,ORD-2026-243302-0374,2025-03-28,2025-03-31,FedEx,"Amsterdam, NL","Paris, FR",delivered,BRUSH-0093,BRUSH,2,16.64,33.28,0,0,EU,AMS-FC1
CL-1003,ORD-2026-790480-0375,2025-02-27,2025-02-28,DHL,"San Francisco, CA","Boise, ID",delivered,STICKER-0184,STICKER,1,4.2,4.2,0,0,US-W,SFO-DC2
CL-1002,ORD-2026-332060-0376,2025-01-10,2025-01-15,UPS,"Los Angeles, CA","San Jose, CA",delivered,CRAYON-0057,CRAYON,1,11.94,11.94,0,0,US-W,LAX-DC1
CL-1003,ORD-2026-949018-0377,2025-07-19,2025-07-24,USPS,"Amsterdam, NL","Brussels, BE",delivered,STICKER-0139,STICKER,4,2.97,11.88,0,0,EU,AMS-FC1
CL-1028,ORD-2026-214632-0378,2025-03-13,,UPS,"Los Angeles, CA","San Jose, CA",in_transit,PAINT-0027,PAINT,1,29.97,29.97,0,0,US-W,LAX-DC1
CL-1005,ORD-2026-829639-0379,2025-12-06,2025-12-09,DPD,"Berlin, DE","Munich, DE",delivered,STICKER-0146,STICKER,7,6.26,43.82,0,0,EU,BER-FC1
CL-1007,ORD-2026-166796-0380,2025-01-08,2025-01-10,UPS,"Newark, NJ","Baltimore, MD",delivered,CRAYON-0194,CRAYON,1,11.71,11.71,0,0,US-E,EWR-DC1
CL-1005,ORD-2026-359974-0381,2025-02-22,2025-02-24,FedEx,"Atlanta, GA","Orlando, FL",delivered,PAPER-0138,PAPER,3,11.26,33.78,0,0,US-E,ATL-DC1
CL-1006,ORD-2026-719664-0382,2025-06-07,2025-06-12,FedEx,"Dallas, TX","Oklahoma City, OK",delivered,CRAYON-0146,CRAYON,11,6.12,67.32,0,0,US-C,DFW-DC1
CL-1005,ORD-2026-744767-0383,2025-05-23,2025-05-26,UPS,"San Francisco, CA","Sacramento, CA",delivered,BOOK-0172,BOOK,7,20.91,146.37,0,0,US-W,SFO-DC2
CL-1007,ORD-2026-403541-0384,2025-03-19,2025-03-20,FedEx,"Atlanta, GA","Tampa, FL",delivered,BOOK-0070,BOOK,2,15.83,31.66,0,0,US-E,ATL-DC1
CL-1007,ORD-2026-178374-0385,2025-02-16,2025-02-23,USPS,"Newark, NJ","Philadelphia, PA",delayed,CRAYON-0164,CRAYON,3,5.56,16.68,0,0,US-E,EWR-DC1
CL-1021,ORD-2026-501844-0386,2025-01-12,2025-01-15,FedEx,"Dallas, TX","Kansas City, MO",delivered,PAPER-0085,PAPER,6,7,42,0,0,US-C,DFW-DC1
CL-1007,ORD-2026-622532-0387,2025-01-19,2025-01-24,Royal Mail,"Amsterdam, NL","Hamburg, DE",delivered,PENCIL-0011,PENCIL,4,5.43,21.72,0,0,EU,AMS-FC1
CL-1003,ORD-2026-345275-0388,2025-04-20,2025-04-26,DHL,"Los Angeles, CA","Portland, OR",delivered,CRAYON-0052,CRAYON,4,7.43,29.72,0,0,US-W,LAX-DC1
CL-1024,ORD-2026-647036-0389,2025-01-31,2025-02-07,DHL,"Newark, NJ","Boston, MA",exception,CRAYON-0161,CRAYON,1,7.5,7.5,0,0,US-E,EWR-DC1
CL-1029,ORD-2026-687516-0390,2025-01-15,2025-01-20,USPS,"Dallas, TX","San Antonio, TX",delivered,PENCIL-0134,PENCIL,4,8.25,33,1,11,US-C,DFW-DC1
CL-1002,ORD-2026-352822-0391,2025-01-03,2025-01-08,FedEx,"Chicago, IL","Detroit, MI",delivered,PAINT-0168,PAINT,1,12.68,12.68,0,0,US-C,CHI-DC1
CL-1001,ORD-2026-513555-0392,2025-08-28,2025-08-30,LaserShip,"Atlanta, GA","Tampa, FL",delivered,PAINT-0150,PAINT,1,15.37,15.37,0,0,US-E,ATL-DC1
CL-1004,ORD-2026-249813-0393,2025-01-03,2025-01-04,OnTrac,"Newark, NJ","New York, NY",delivered,PAINT-0086,PAINT,2,24.33,48.66,0,0,US-E,EWR-DC1
CL-1004,ORD-2026-106448-0394,2025-02-08,2025-02-10,FedEx,"Los Angeles, CA","San Jose, CA",delivered,PAINT-0126,PAINT,2,19.46,38.92,0,0,US-W,LAX-DC1
CL-1002,ORD-2026-398570-0395,2025-05-16,2025-05-22,FedEx,"Dallas, TX","St. Louis, MO",delayed,MARKER-0105,MARKER,2,21.42,42.84,0,0,US-C,DFW-DC1
CL-1005,ORD-2026-180632-0396,2025-05-22,2025-05-30,UPS,"London, UK","Manchester, UK",delayed,MARKER-0174,MARKER,1,10.68,10.68,0,0,UK,LON-FC1
CL-1028,ORD-2026-697765-0397,2025-03-20,2025-03-25,DHL,"Newark, NJ","Baltimore, MD",delivered,PAINT-0197,PAINT,1,25.13,25.13,0,0,US-E,EWR-DC1
CL-1002,ORD-2026-891142-0398,2025-03-23,2025-03-25,OnTrac,"Berlin, DE","Zurich, CH",delivered,CRAYON-0181,CRAYON,6,9.02,54.12,0,0,EU,BER-FC1
CL-1003,ORD-2026-412625-0399,2025-12-17,2025-12-20,UPS,"Atlanta, GA","Tampa, FL",delivered,PAPER-0063,PAPER,5,5.3,26.5,0,0,US-E,ATL-DC1
CL-1023,ORD-2026-304424-0400,2025-02-16,2025-02-19,LaserShip,"Los Angeles, CA","Phoenix, AZ",delivered,PAPER-0155,PAPER,4,7.55,30.2,0,0,US-W,LAX-DC1
